{
  "project_info": {
    "project_number": "971711212004",
    "firebase_url": "https://adminapp-fea8b-default-rtdb.europe-west1.firebasedatabase.app",
    "project_id": "adminapp-fea8b",
    "storage_bucket": "adminapp-fea8b.appspot.com"
  },
  "client": [
    {
      "client_info": {
        "mobilesdk_app_id": "1:971711212004:android:0af312a7959631afb23ff1",
        "android_client_info": {
          "package_name": "digi.pankaj.adminapp"
        }
      },
      "oauth_client": [],
      "api_key": [
        {
          "current_key": "AIzaSyBtaJuDfsfb2FjTeeEldJIhDuIZiy224eI"
        }
      ],
      "services": {
        "appinvite_service": {
          "other_platform_oauth_client": []
        }
      }
    },
    {
      "client_info": {
        "mobilesdk_app_id": "1:971711212004:android:821f641f9dca2c97b23ff1",
        "android_client_info": {
          "package_name": "digi.pankaj.gamingmaster"
        }
      },
      "oauth_client": [],
      "api_key": [
        {
          "current_key": "AIzaSyBtaJuDfsfb2FjTeeEldJIhDuIZiy224eI"
        }
      ],
      "services": {
        "appinvite_service": {
          "other_platform_oauth_client": []
        }
      }
    }
  ],
  "configuration_version": "1"
}